Engine ID,Prediction Error
1,-8.806915283203125
2,23.63280487060547
3,-14.612796783447266
4,15.342826843261719
5,21.19805908203125
6,20.503570556640625
7,21.576171875
8,11.76324462890625
9,11.587326049804688
10,-10.077705383300781
11,-4.18975830078125
12,-10.479942321777344
13,-12.155525207519531
14,5.737678527832031
15,15.7921142578125
16,17.14073944091797
17,3.2127304077148438
18,-0.4433708190917969
19,19.06146240234375
20,3.8478164672851562
21,25.080291748046875
22,15.977912902832031
23,4.177574157714844
24,1.8084583282470703
25,-38.254119873046875
26,-7.3570709228515625
27,28.195472717285156
28,11.4281005859375
29,11.421226501464844
30,-4.668937683105469
31,-0.8539400100708008
32,-0.5989189147949219
33,10.499534606933594
34,-3.608043670654297
35,1.3904476165771484
36,2.373157501220703
37,3.8566818237304688
38,10.59218978881836
39,-19.49225616455078
40,4.600330352783203
41,3.9933547973632812
42,-0.537877082824707
43,14.323463439941406
44,-2.3827972412109375
45,-26.62018585205078
46,-2.8181419372558594
47,-18.664710998535156
48,14.022811889648438
49,-4.145286560058594
50,14.853981018066406
51,-10.492179870605469
52,0.11816787719726562
53,4.181831359863281
54,15.313011169433594
55,-18.854896545410156
56,2.0604705810546875
57,7.9422454833984375
58,14.073871612548828
59,-9.585182189941406
60,12.963218688964844
61,-3.055126190185547
62,-14.598888397216797
63,23.494590759277344
64,-4.692943572998047
65,-8.64556884765625
66,7.909097671508789
67,43.62279510498047
68,-1.7651376724243164
69,2.0101776123046875
70,8.433250427246094
71,-11.754920959472656
72,19.288002014160156
73,-19.96729278564453
74,-13.126457214355469
75,-4.642326354980469
76,-3.3689441680908203
77,-3.529520034790039
78,18.89960479736328
79,36.04878234863281
80,15.75042724609375
81,-1.719050407409668
82,-3.2911601066589355
83,-10.576438903808594
84,25.03527069091797
85,4.0450592041015625
86,31.204742431640625
87,-5.5009002685546875
88,1.821502685546875
89,-17.72698211669922
90,-2.1957321166992188
91,-13.829345703125
92,4.418163299560547
93,-37.88930892944336
94,18.4420166015625
95,-14.284980773925781
96,-35.29302215576172
97,12.806541442871094
98,13.538978576660156
99,-3.459136962890625
100,0.17348861694335938
